FirstName,LastName,Phone,Email,full_address
Luís,Gonçalves,+55 (12) 3923-5555,luisg@embraer.com.br,"Av. Brigadeiro Faria Lima, 2170 12227-000 São José dos Campos SP Brazil"
Leonie,Köhler,+49 0711 2842222,leonekohler@surfeu.de,Theodor-Heuss-Straße 34 70174 Stuttgart Germany
François,Tremblay,+1 (514) 721-4711,ftremblay@gmail.com,1498 rue Bélanger H2G 1A7 Montréal QC Canada
Bjørn,Hansen,+47 22 44 22 22,bjorn.hansen@yahoo.no,Ullevålsveien 14 0171 Oslo Norway
František,Wichterlová,+420 2 4172 5555,frantisekw@jetbrains.com,Klanova 9/506 14700 Prague Czech Republic
Helena,Holý,+420 2 4177 0449,hholy@gmail.com,Rilská 3174/6 14300 Prague Czech Republic
Astrid,Gruber,+43 01 5134505,astrid.gruber@apple.at,"Rotenturmstraße 4, 1010 Innere Stadt 1010 Vienne Austria"
Daan,Peeters,+32 02 219 03 03,daan_peeters@apple.be,Grétrystraat 63 1000 Brussels Belgium
Kara,Nielsen,+453 3331 9991,kara.nielsen@jubii.dk,Sønder Boulevard 51 1720 Copenhagen Denmark
Eduardo,Martins,+55 (11) 3033-5446,eduardo@woodstock.com.br,"Rua Dr. Falcão Filho, 155 01007-010 São Paulo SP Brazil"
Alexandre,Rocha,+55 (11) 3055-3278,alero@uol.com.br,"Av. Paulista, 2022 01310-200 São Paulo SP Brazil"
Roberto,Almeida,+55 (21) 2271-7000,roberto.almeida@riotur.gov.br,"Praça Pio X, 119 20040-020 Rio de Janeiro RJ Brazil"
Fernanda,Ramos,+55 (61) 3363-5547,fernadaramos4@uol.com.br,Qe 7 Bloco G 71020-677 Brasília DF Brazil
Mark,Philips,+1 (780) 434-4554,mphilips12@shaw.ca,8210 111 ST NW T6G 2C7 Edmonton AB Canada
Jennifer,Peterson,+1 (604) 688-2255,jenniferp@rogers.ca,700 W Pender Street V6C 1G8 Vancouver BC Canada
Frank,Harris,+1 (650) 253-0000,fharris@google.com,1600 Amphitheatre Parkway 94043-1351 Mountain View CA USA
Jack,Smith,+1 (425) 882-8080,jacksmith@microsoft.com,1 Microsoft Way 98052-8300 Redmond WA USA
Michelle,Brooks,+1 (212) 221-3546,michelleb@aol.com,627 Broadway 10012-2612 New York NY USA
Tim,Goyer,+1 (408) 996-1010,tgoyer@apple.com,1 Infinite Loop 95014 Cupertino CA USA
Dan,Miller,+1 (650) 644-3358,dmiller@comcast.com,541 Del Medio Avenue 94040-111 Mountain View CA USA
Kathy,Chase,+1 (775) 223-7665,kachase@hotmail.com,801 W 4th Street 89503 Reno NV USA
Heather,Leacock,+1 (407) 999-7788,hleacock@gmail.com,120 S Orange Ave 32801 Orlando FL USA
John,Gordon,+1 (617) 522-1333,johngordon22@yahoo.com,69 Salem Street 2113 Boston MA USA
Frank,Ralston,+1 (312) 332-3232,fralston@gmail.com,162 E Superior Street 60611 Chicago IL USA
Victor,Stevens,+1 (608) 257-0597,vstevens@yahoo.com,319 N. Frances Street 53703 Madison WI USA
Richard,Cunningham,+1 (817) 924-7272,ricunningham@hotmail.com,2211 W Berry Street 76110 Fort Worth TX USA
Patrick,Gray,+1 (520) 622-4200,patrick.gray@aol.com,1033 N Park Ave 85719 Tucson AZ USA
Julia,Barnett,+1 (801) 531-7272,jubarnett@gmail.com,302 S 700 E 84102 Salt Lake City UT USA
Robert,Brown,+1 (416) 363-8888,robbrown@shaw.ca,796 Dundas Street West M6J 1V1 Toronto ON Canada
Edward,Francis,+1 (613) 234-3322,edfrancis@yachoo.ca,230 Elgin Street K2P 1L7 Ottawa ON Canada
Martha,Silk,+1 (902) 450-0450,marthasilk@gmail.com,194A Chain Lake Drive B3S 1C5 Halifax NS Canada
Aaron,Mitchell,+1 (204) 452-6452,aaronmitchell@yahoo.ca,696 Osborne Street R3L 2B9 Winnipeg MB Canada
Ellie,Sullivan,+1 (867) 920-2233,ellie.sullivan@shaw.ca,5112 48 Street X1A 1N6 Yellowknife NT Canada
João,Fernandes,+351 (213) 466-111,jfernandes@yahoo.pt,Rua da Assunção 53 Lisbon Portugal
Madalena,Sampaio,+351 (225) 022-448,masampaio@sapo.pt,"Rua dos Campeões Europeus de Viena, 4350 Porto Portugal"
Hannah,Schneider,+49 030 26550280,hannah.schneider@yahoo.de,Tauentzienstraße 8 10789 Berlin Germany
Fynn,Zimmermann,+49 069 40598889,fzimmermann@yahoo.de,Berger Straße 10 60316 Frankfurt Germany
Niklas,Schröder,+49 030 2141444,nschroder@surfeu.de,Barbarossastraße 19 10779 Berlin Germany
Camille,Bernard,+33 01 49 70 65 65,camille.bernard@yahoo.fr,"4, Rue Milton 75009 Paris France"
Dominique,Lefebvre,+33 01 47 42 71 71,dominiquelefebvre@gmail.com,"8, Rue Hanovre 75002 Paris France"
Marc,Dubois,+33 04 78 30 30 30,marc.dubois@hotmail.com,"11, Place Bellecour 69002 Lyon France"
Wyatt,Girard,+33 05 56 96 96 96,wyatt.girard@yahoo.fr,"9, Place Louis Barthou 33000 Bordeaux France"
Isabelle,Mercier,+33 03 80 73 66 99,isabelle_mercier@apple.fr,"68, Rue Jouvence 21000 Dijon France"
Terhi,Hämäläinen,+358 09 870 2000,terhi.hamalainen@apple.fi,Porthaninkatu 9 00530 Helsinki Finland
Ladislav,Kovács,,ladislav_kovacs@apple.hu,Erzsébet krt. 58. H-1073 Budapest Hungary
Hugh,O'Reilly,+353 01 6792424,hughoreilly@apple.ie,3 Chatham Street Dublin Dublin Ireland
Lucas,Mancini,+39 06 39733434,lucas.mancini@yahoo.it,"Via Degli Scipioni, 43 00192 Rome RM Italy"
Johannes,Van der Berg,+31 020 6223130,johavanderberg@yahoo.nl,Lijnbaansgracht 120bg 1016 Amsterdam VV Netherlands
Stanisław,Wójcik,+48 22 828 37 39,stanisław.wójcik@wp.pl,Ordynacka 10 00-358 Warsaw Poland
Enrique,Muñoz,+34 914 454 454,enrique_munoz@yahoo.es,C/ San Bernardo 85 28015 Madrid Spain
Joakim,Johansson,+46 08-651 52 52,joakim.johansson@yahoo.se,Celsiusg. 9 11230 Stockholm Sweden
Emma,Jones,+44 020 7707 0707,emma_jones@hotmail.com,202 Hoxton Street N1 5LH London United Kingdom
Phil,Hughes,+44 020 7976 5722,phil.hughes@gmail.com,113 Lupus St SW1V 3EN London United Kingdom
Steve,Murray,+44 0131 315 3300,steve.murray@yahoo.uk,110 Raeburn Pl EH4 1HH Edinburgh  United Kingdom
Mark,Taylor,+61 (02) 9332 3633,mark.taylor@yahoo.au,421 Bourke Street 2010 Sidney NSW Australia
Diego,Gutiérrez,+54 (0)11 4311 4333,diego.gutierrez@yahoo.ar,307 Macacha Güemes 1106 Buenos Aires Argentina
Luis,Rojas,+56 (0)2 635 4444,luisrojas@yahoo.cl,"Calle Lira, 198 Santiago Chile"
Manoj,Pareek,+91 0124 39883988,manoj.pareek@rediff.com,"12,Community Centre 110017 Delhi India"
Puja,Srivastava,+91 080 22289999,puja_srivastava@yahoo.in,"3,Raj Bhavan Road 560001 Bangalore India"
